{
  "$schema": "./node_modules/nx/schemas/nx-schema.json",
  "namedInputs": {
    "default": ["{projectRoot}/**/*", "sharedGlobals"],
    "production": [
      "default",
      "!{projectRoot}/**/?(*.)+(spec|test).[jt]s?(x)?(.snap)",
      "!{projectRoot}/tsconfig.spec.json",
      "!{projectRoot}/jest.config.[jt]s",
      "!{projectRoot}/src/test-setup.[jt]s",
      "!{projectRoot}/test-setup.[jt]s",
      "!{projectRoot}/.eslintrc.json",
      "!{projectRoot}/eslint.config.mjs"
    ],
    "sharedGlobals": ["{workspaceRoot}/.github/workflows/ci.yml"]
  },
  "plugins": [
    {
      "plugin": "@nx/js/typescript",
      "options": {
        "typecheck": {
          "targetName": "typecheck"
        },
        "build": {
          "targetName": "build",
          "configName": "tsconfig.lib.json",
          "buildDepsName": "build-deps",
          "watchDepsName": "watch-deps"
        }
      },
      "exclude": ["shared-types/*", "share-types/*"]
    },
    {
      "plugin": "@nx/next/plugin",
      "options": {
        "startTargetName": "start",
        "buildTargetName": "build",
        "devTargetName": "dev",
        "serveStaticTargetName": "serve-static",
        "buildDepsTargetName": "build-deps",
        "watchDepsTargetName": "watch-deps"
      }
    },
    {
      "plugin": "@nx/jest/plugin",
      "options": {
        "targetName": "test"
      },
      "exclude": ["backend-e2e/**/*"]
    },
    {
      "plugin": "@nx/eslint/plugin",
      "options": {
        "targetName": "lint"
      }
    },
    {
      "plugin": "@nx/webpack/plugin",
      "options": {
        "buildTargetName": "build",
        "serveTargetName": "serve",
        "previewTargetName": "preview",
        "buildDepsTargetName": "build-deps",
        "watchDepsTargetName": "watch-deps",
        "serveStaticTargetName": "serve-static"
      }
    },
    {
      "plugin": "@nx/js/typescript",
      "include": ["shared-types/*", "share-types/*"],
      "options": {
        "typecheck": {
          "targetName": "typecheck"
        }
      }
    }
  ],
  "targetDefaults": {
    "test": {
      "dependsOn": ["^build"]
    }
  },
  "generators": {
    "@nx/next": {
      "application": {
        "style": "tailwind",
        "linter": "eslint"
      }
    }
  },
  "projects": {
    "backend": {
      "tags": []
    },
    "frontend": {
      "tags": []
    }
  }
}
